Gene Input,Vizgen Gene,Ensemble ID,Transcript,Notes,Abundance,Target Regions,Type
ENSMUST00000000033,Igf2,ENSMUSG00000048583,ENSMUST00000000033,,16.476563791666663,58,MERFISH
ENSMUST00000000188,Ccnd2,ENSMUSG00000000184,ENSMUST00000000188,,10.042046833333334,166,MERFISH
ENSMUST00000000219,Th,ENSMUSG00000000214,ENSMUST00000000219,,8.665689458333334,56,MERFISH
ENSMUST00000000253,Lhx2,ENSMUSG00000000247,ENSMUST00000000253,,9.807290208333336,51,MERFISH
ENSMUST00000000275,Glra3,ENSMUSG00000038257,ENSMUST00000000275,,2.0930967916666665,130,MERFISH
ENSMUST00000000910,Dbh,ENSMUSG00000000889,ENSMUST00000000910,,0.7898723333333335,78,MERFISH
ENSMUST00000001854,Slc7a10,ENSMUSG00000030495,ENSMUST00000001854,,16.879946875,61,MERFISH
ENSMUST00000001867,Evx2,ENSMUSG00000001815,ENSMUST00000001867,,0.1082105416666666,91,MERFISH
ENSMUST00000002053,Npas1,ENSMUSG00000001988,ENSMUST00000002053,,1.518927666666667,54,MERFISH
ENSMUST00000002765,Prkd1,ENSMUSG00000002688,ENSMUST00000002765,,1.90791425,105,MERFISH
ENSMUST00000003351,Grin2c,ENSMUSG00000020734,ENSMUST00000003351,,13.166664166666664,117,MERFISH
ENSMUST00000003502,Rab3b,ENSMUSG00000003411,ENSMUST00000003502,,25.110731916666666,57,MERFISH
ENSMUST00000003754,Calb2,ENSMUSG00000003657,ENSMUST00000003754,,89.46079595833334,53,MERFISH
ENSMUST00000003843,Man1a,ENSMUSG00000003746,ENSMUST00000003843,,5.531033791666667,58,MERFISH
ENSMUST00000004076,Grm3,ENSMUSG00000003974,ENSMUST00000004076,,13.480193916666666,93,MERFISH
ENSMUST00000004774,Aqp1,ENSMUSG00000004655,ENSMUST00000004774,,1.7943018333333334,84,MERFISH
ENSMUST00000005255,Ccn4,ENSMUSG00000005124,ENSMUST00000005255,,0.8744107083333335,134,MERFISH
ENSMUST00000005493,Slc1a3,ENSMUSG00000005360,ENSMUST00000005493,,116.68238908333336,114,MERFISH
ENSMUST00000005815,Kit,ENSMUSG00000005672,ENSMUST00000005815,,5.091538083333333,160,MERFISH
ENSMUST00000005860,Pvalb,ENSMUSG00000005716,ENSMUST00000005860,,188.46671691666663,62,MERFISH
ENSMUST00000012587,Kif11,ENSMUSG00000012443,ENSMUST00000012587,,0.32478575,96,MERFISH
ENSMUST00000012664,Phox2b,ENSMUSG00000012520,ENSMUST00000012664,,0.313129,63,MERFISH
ENSMUST00000014174,Pax5,ENSMUSG00000014030,ENSMUST00000014174,,0.15761675,189,MERFISH
ENSMUST00000014777,Cpne8,ENSMUSG00000052560,ENSMUST00000014777,,3.035025,30,MERFISH
ENSMUST00000015628,Fam163a,ENSMUSG00000015484,ENSMUST00000015628,,2.252467708333333,117,MERFISH
ENSMUST00000015712,Lpl,ENSMUSG00000015568,ENSMUST00000015712,,4.046011833333333,102,MERFISH
ENSMUST00000016231,Fli1,ENSMUSG00000016087,ENSMUST00000016231,,1.2360396666666666,64,MERFISH
ENSMUST00000016638,Cd34,ENSMUSG00000016494,ENSMUST00000016638,,6.283414833333333,76,MERFISH
ENSMUST00000017637,Igfbp4,ENSMUSG00000017493,ENSMUST00000017637,,9.573448666666668,70,MERFISH
ENSMUST00000018614,Kcnab3,ENSMUSG00000018470,ENSMUST00000018614,,11.704577833333332,78,MERFISH
ENSMUST00000018842,Lhx1,ENSMUSG00000018698,ENSMUST00000018842,,2.651026125,74,MERFISH
ENSMUST00000019906,Vip,ENSMUSG00000019772,ENSMUST00000019906,,12.977074958333333,52,MERFISH
ENSMUST00000019994,Popdc3,ENSMUSG00000019848,ENSMUST00000019994,,0.61877775,53,MERFISH
ENSMUST00000020040,Nts,ENSMUSG00000019890,ENSMUST00000020040,,6.66933125,51,MERFISH
ENSMUST00000020102,Slc17a8,ENSMUSG00000019935,ENSMUST00000020102,,0.6960365,117,MERFISH
ENSMUST00000020439,Wif1,ENSMUSG00000020218,ENSMUST00000020439,,0.6383025833333333,58,MERFISH
ENSMUST00000021004,Sntg2,ENSMUSG00000020672,ENSMUST00000021004,,0.5245271666666667,68,MERFISH
ENSMUST00000021195,Slc6a4,ENSMUSG00000020838,ENSMUST00000021195,,1.0196511666666668,82,MERFISH
ENSMUST00000021284,Ntn1,ENSMUSG00000020902,ENSMUST00000021284,,2.819320208333333,163,MERFISH
ENSMUST00000021420,Ngb,ENSMUSG00000021032,ENSMUST00000021420,,3.0196245000000004,59,MERFISH
ENSMUST00000021770,Scgn,ENSMUSG00000021337,ENSMUST00000021770,,2.0205514166666663,57,MERFISH
ENSMUST00000021970,Cxcl14,ENSMUSG00000021508,ENSMUST00000021970,,29.301538125,50,MERFISH
ENSMUST00000022013,Adcy2,ENSMUSG00000021536,ENSMUST00000022013,,19.590622083333333,125,MERFISH
ENSMUST00000022023,Trpc7,ENSMUSG00000021541,ENSMUST00000022023,,0.6713475833333334,100,MERFISH
ENSMUST00000022100,Slc6a3,ENSMUSG00000021609,ENSMUST00000022100,,2.7173768333333337,105,MERFISH
ENSMUST00000022150,Cartpt,ENSMUSG00000021647,ENSMUST00000022150,,15.4822525,61,MERFISH
ENSMUST00000022195,Otp,ENSMUSG00000021685,ENSMUST00000022195,,0.770869875,59,MERFISH
ENSMUST00000022246,Fgf10,ENSMUSG00000021732,ENSMUST00000022246,,1.5786450416666664,103,MERFISH
ENSMUST00000022622,Ptk2b,ENSMUSG00000059456,ENSMUST00000022622,,29.89963425,69,MERFISH
ENSMUST00000022921,Angpt1,ENSMUSG00000022309,ENSMUST00000022921,,1.85699325,104,MERFISH
ENSMUST00000023568,Chodl,ENSMUSG00000022860,ENSMUST00000023568,,0.7633994583333334,62,MERFISH
ENSMUST00000023670,Clic6,ENSMUSG00000022949,ENSMUST00000023670,,3.629968875,100,MERFISH
ENSMUST00000023754,Aqp6,ENSMUSG00000043144,ENSMUST00000023754,,1.8168032083333332,60,MERFISH
ENSMUST00000023807,Igfbp6,ENSMUSG00000023046,ENSMUST00000023807,,18.87514733333333,62,MERFISH
ENSMUST00000024660,Smoc2,ENSMUSG00000023886,ENSMUST00000024660,,2.137723875,84,MERFISH
ENSMUST00000024755,Clic5,ENSMUSG00000023959,ENSMUST00000024755,,1.1437559166666666,167,MERFISH
ENSMUST00000024840,Arhgap28,ENSMUSG00000024043,ENSMUST00000024840,,0.1462425833333333,96,MERFISH
ENSMUST00000024858,Galnt14,ENSMUSG00000024064,ENSMUST00000024858,,2.9522479166666664,86,MERFISH
ENSMUST00000024880,Vit,ENSMUSG00000024076,ENSMUST00000024880,,0.5706613333333334,82,MERFISH
ENSMUST00000025404,Cidea,ENSMUSG00000024526,ENSMUST00000025404,,2.039021041666667,50,MERFISH
ENSMUST00000025497,Fbn2,ENSMUSG00000024598,ENSMUST00000025497,,0.3457794583333333,258,MERFISH
ENSMUST00000026234,Kazald1,ENSMUSG00000025213,ENSMUST00000026234,,3.2239132083333333,56,MERFISH
ENSMUST00000026466,Tac2,ENSMUSG00000025400,ENSMUST00000026466,,12.7409425,55,MERFISH
ENSMUST00000026917,Nrp1,ENSMUSG00000025810,ENSMUST00000026917,,6.1012640000000005,64,MERFISH
ENSMUST00000027059,Tfap2b,ENSMUSG00000025927,ENSMUST00000027059,,1.6875518333333333,123,MERFISH
ENSMUST00000027083,Pth2r,ENSMUSG00000025946,ENSMUST00000027083,,0.3235185,69,MERFISH
ENSMUST00000027451,Epha4,ENSMUSG00000026235,ENSMUST00000027451,,19.23577720833333,121,MERFISH
ENSMUST00000027467,Serpine2,ENSMUSG00000026249,ENSMUST00000027467,,67.56302141666666,59,MERFISH
ENSMUST00000027601,Mcm6,ENSMUSG00000026355,ENSMUST00000027601,,1.6540907916666665,86,MERFISH
ENSMUST00000027795,Cnih3,ENSMUSG00000026514,ENSMUST00000027795,,13.797510375,52,MERFISH
ENSMUST00000027849,Cd247,ENSMUSG00000005763,ENSMUST00000027849,,0.3718014999999999,59,MERFISH
ENSMUST00000027988,Ccdc3,ENSMUSG00000026676,ENSMUST00000027988,,3.291578083333333,76,MERFISH
ENSMUST00000027991,Rgs4,ENSMUSG00000038530,ENSMUST00000027991,,106.96695166666666,90,MERFISH
ENSMUST00000028118,Prkcq,ENSMUSG00000026778,ENSMUST00000028118,,2.718560875,83,MERFISH
ENSMUST00000028123,Gad2,ENSMUSG00000026787,ENSMUST00000028123,,36.18013075,144,MERFISH
ENSMUST00000028166,Nr4a2,ENSMUSG00000026826,ENSMUST00000028166,,5.762911333333332,97,MERFISH
ENSMUST00000028188,Fibcd1,ENSMUSG00000026841,ENSMUST00000028188,,3.38152275,144,MERFISH
ENSMUST00000028280,Col5a1,ENSMUSG00000026837,ENSMUST00000028280,,1.8370811666666664,197,MERFISH
ENSMUST00000028355,Pax8,ENSMUSG00000026976,ENSMUST00000028355,,0.2865361249999999,54,MERFISH
ENSMUST00000028389,Frzb,ENSMUSG00000027004,ENSMUST00000028389,,4.907908291666667,71,MERFISH
ENSMUST00000028663,Creb3l1,ENSMUSG00000027230,ENSMUST00000028663,,1.2255187083333334,64,MERFISH
ENSMUST00000028689,Lrp4,ENSMUSG00000027253,ENSMUST00000028689,,2.872942875,180,MERFISH
ENSMUST00000028838,Hdc,ENSMUSG00000027360,ENSMUST00000028838,,1.309694875,58,MERFISH
ENSMUST00000028883,Pdyn,ENSMUSG00000027400,ENSMUST00000028883,,8.739380875,72,MERFISH
ENSMUST00000029297,Slc7a11,ENSMUSG00000027737,ENSMUST00000029297,,4.884444916666666,230,MERFISH
ENSMUST00000029441,Syt10,ENSMUSG00000063260,ENSMUST00000029441,,3.112243708333333,56,MERFISH
ENSMUST00000029633,Npy2r,ENSMUSG00000028004,ENSMUST00000029633,,1.7703717083333332,93,MERFISH
ENSMUST00000029822,Tacr3,ENSMUSG00000028172,ENSMUST00000029822,,1.167680541666667,110,MERFISH
ENSMUST00000029848,Col24a1,ENSMUSG00000028197,ENSMUST00000029848,,0.7901414583333334,160,MERFISH
ENSMUST00000029876,Calb1,ENSMUSG00000028222,ENSMUST00000029876,,45.15327570833334,95,MERFISH
ENSMUST00000029948,Bmpr1b,ENSMUSG00000052430,ENSMUST00000029948,,3.290762083333333,59,MERFISH
ENSMUST00000030025,Nr4a3,ENSMUSG00000028341,ENSMUST00000030025,,4.1220495,150,MERFISH
ENSMUST00000030489,Tal1,ENSMUSG00000028717,ENSMUST00000030489,,0.8881879166666666,109,MERFISH
ENSMUST00000030508,Pax7,ENSMUSG00000028736,ENSMUST00000030508,,0.2203077916666666,168,MERFISH
ENSMUST00000030533,Vwa5b1,ENSMUSG00000028753,ENSMUST00000030533,,0.7219306666666666,151,MERFISH
ENSMUST00000030568,Sema3c,ENSMUSG00000028780,ENSMUST00000030568,,3.5915309166666667,53,MERFISH
ENSMUST00000030676,Grik3,ENSMUSG00000001985,ENSMUST00000030676,,6.776969791666666,267,MERFISH
ENSMUST00000030687,Rspo1,ENSMUSG00000028871,ENSMUST00000030687,,2.585756958333333,55,MERFISH
ENSMUST00000031017,Fosl2,ENSMUSG00000029135,ENSMUST00000031017,,6.822486083333333,193,MERFISH
ENSMUST00000031037,Slc30a3,ENSMUSG00000029151,ENSMUST00000031037,,15.509828,59,MERFISH
ENSMUST00000031278,Bmp3,ENSMUSG00000029335,ENSMUST00000031278,,1.555869875,180,MERFISH
ENSMUST00000032710,Slc17a6,ENSMUSG00000030500,ENSMUST00000032710,,21.798370416666664,103,MERFISH
ENSMUST00000032768,Nr2f2,ENSMUSG00000030551,ENSMUST00000032768,,5.1420778333333335,53,MERFISH
ENSMUST00000032902,Calcb,ENSMUSG00000030666,ENSMUST00000032902,,0.4707925416666667,62,MERFISH
ENSMUST00000033198,Crym,ENSMUSG00000030905,ENSMUST00000033198,,32.34725362499999,68,MERFISH
ENSMUST00000033730,Grpr,ENSMUSG00000031364,ENSMUST00000033730,,0.1958070416666666,71,MERFISH
ENSMUST00000033919,Vegfc,ENSMUSG00000031520,ENSMUST00000033919,,1.3246272499999998,67,MERFISH
ENSMUST00000034026,Hpgd,ENSMUSG00000031613,ENSMUST00000034026,,3.68583175,55,MERFISH
ENSMUST00000034408,Gpr83,ENSMUSG00000031932,ENSMUST00000034408,,5.178393416666667,106,MERFISH
ENSMUST00000034533,Kcnj5,ENSMUSG00000032034,ENSMUST00000034533,,0.231044375,50,MERFISH
ENSMUST00000034592,Dscaml1,ENSMUSG00000032087,ENSMUST00000034592,,5.122094125,129,MERFISH
ENSMUST00000034802,Tent5a,ENSMUSG00000032265,ENSMUST00000034802,,1.8051304166666664,146,MERFISH
ENSMUST00000034903,Gsta4,ENSMUSG00000032348,ENSMUST00000034903,,37.57598958333334,60,MERFISH
ENSMUST00000034927,Zic1,ENSMUSG00000032368,ENSMUST00000034927,,24.963567875,68,MERFISH
ENSMUST00000034988,Rwdd2a,ENSMUSG00000032417,ENSMUST00000034988,,9.021981375,60,MERFISH
ENSMUST00000035014,Tgfbr2,ENSMUSG00000032440,ENSMUST00000035014,,1.6908058333333331,103,MERFISH
ENSMUST00000035020,Eomes,ENSMUSG00000032446,ENSMUST00000035020,,2.892179875,61,MERFISH
ENSMUST00000035083,Stac,ENSMUSG00000032502,ENSMUST00000035083,,0.9948218333333332,78,MERFISH
ENSMUST00000035471,Lama1,ENSMUSG00000032796,ENSMUST00000035471,,0.4709201666666666,220,MERFISH
ENSMUST00000035577,Cpa6,ENSMUSG00000042501,ENSMUST00000035577,,0.3208656666666666,60,MERFISH
ENSMUST00000036019,Fras1,ENSMUSG00000034687,ENSMUST00000036019,,1.515535,451,MERFISH
ENSMUST00000036060,Isl1,ENSMUSG00000042258,ENSMUST00000036060,,1.2274850833333335,52,MERFISH
ENSMUST00000036300,Col27a1,ENSMUSG00000045672,ENSMUST00000036300,,1.293728625,62,MERFISH
ENSMUST00000036439,Cdh6,ENSMUSG00000039385,ENSMUST00000036439,,3.565905583333333,204,MERFISH
ENSMUST00000036653,Htr2a,ENSMUSG00000034997,ENSMUST00000036653,,4.078339708333334,156,MERFISH
ENSMUST00000036992,Lmo1,ENSMUSG00000036111,ENSMUST00000036992,,5.409364041666667,51,MERFISH
ENSMUST00000037294,Tfap2d,ENSMUSG00000042596,ENSMUST00000037294,,0.8289257083333335,64,MERFISH
ENSMUST00000037623,Nrn1,ENSMUSG00000039114,ENSMUST00000037623,,63.22429970833334,51,MERFISH
ENSMUST00000037974,Ptprm,ENSMUSG00000033278,ENSMUST00000037974,,5.859793375,157,MERFISH
ENSMUST00000038364,Fstl5,ENSMUSG00000034098,ENSMUST00000038364,,5.3566040416666665,109,MERFISH
ENSMUST00000038815,Sox5,ENSMUSG00000041540,ENSMUST00000038815,,1.9157417916666664,126,MERFISH
ENSMUST00000038856,Trhr,ENSMUSG00000038760,ENSMUST00000038856,,0.6837057083333333,100,MERFISH
ENSMUST00000039118,Zic5,ENSMUSG00000041703,ENSMUST00000039118,,3.4573796666666667,88,MERFISH
ENSMUST00000039135,Dock5,ENSMUSG00000044447,ENSMUST00000039135,,1.6840335833333333,199,MERFISH
ENSMUST00000039366,Kcnh8,ENSMUSG00000035580,ENSMUST00000039366,,0.2463365416666666,84,MERFISH
ENSMUST00000039516,Egln3,ENSMUSG00000035105,ENSMUST00000039516,,2.724970125,78,MERFISH
ENSMUST00000039630,Ror1,ENSMUSG00000035305,ENSMUST00000039630,,0.4778430833333333,171,MERFISH
ENSMUST00000039631,Acta2,ENSMUSG00000035783,ENSMUST00000039631,,7.191772416666666,53,MERFISH
ENSMUST00000039987,Tox,ENSMUSG00000041272,ENSMUST00000039987,,3.6911364166666663,67,MERFISH
ENSMUST00000040434,Tbcc,ENSMUSG00000036430,ENSMUST00000040434,,10.427069791666666,56,MERFISH
ENSMUST00000040576,Parm1,ENSMUSG00000034981,ENSMUST00000040576,,10.878281291666664,154,MERFISH
ENSMUST00000041606,Necab1,ENSMUSG00000040536,ENSMUST00000041606,,18.304932541666663,130,MERFISH
ENSMUST00000041646,Drd5,ENSMUSG00000039358,ENSMUST00000041646,,0.8775173749999999,88,MERFISH
ENSMUST00000042158,Esyt3,ENSMUSG00000037681,ENSMUST00000042158,,0.5844588333333334,119,MERFISH
ENSMUST00000042744,Npnt,ENSMUSG00000040998,ENSMUST00000042744,,2.9483045000000003,133,MERFISH
ENSMUST00000042792,Scn7a,ENSMUSG00000034810,ENSMUST00000042792,,0.5267577083333334,209,MERFISH
ENSMUST00000042850,Svep1,ENSMUSG00000028369,ENSMUST00000042850,,0.6441252916666667,314,MERFISH
ENSMUST00000043259,Pde3a,ENSMUSG00000041741,ENSMUST00000043259,,0.9058330416666668,285,MERFISH
ENSMUST00000043577,Cldn5,ENSMUSG00000041378,ENSMUST00000043577,,20.742402625,52,MERFISH
ENSMUST00000044180,Npbwr1,ENSMUSG00000033774,ENSMUST00000044180,,0.1932370833333333,106,MERFISH
ENSMUST00000044278,St6galnac5,ENSMUSG00000039037,ENSMUST00000044278,,9.195749458333331,155,MERFISH
ENSMUST00000044297,Igfbpl1,ENSMUSG00000035551,ENSMUST00000044297,,0.5880244166666666,62,MERFISH
ENSMUST00000044306,Grm1,ENSMUSG00000019828,ENSMUST00000044306,,10.769926458333334,79,MERFISH
ENSMUST00000044380,Foxa1,ENSMUSG00000035451,ENSMUST00000044380,,0.142119625,77,MERFISH
ENSMUST00000044624,Kcnk9,ENSMUSG00000036760,ENSMUST00000044624,,7.477680458333333,379,MERFISH
ENSMUST00000044828,Lgr6,ENSMUSG00000042793,ENSMUST00000044828,,1.2571000833333337,179,MERFISH
ENSMUST00000045374,Ramp3,ENSMUSG00000041046,ENSMUST00000045374,,12.350822708333334,58,MERFISH
ENSMUST00000045706,Cftr,ENSMUSG00000041301,ENSMUST00000045706,,0.1928762916666666,187,MERFISH
ENSMUST00000045738,Slc32a1,ENSMUSG00000037771,ENSMUST00000045738,,41.30821004166667,80,MERFISH
ENSMUST00000046687,Spon1,ENSMUSG00000038156,ENSMUST00000046687,,10.604354416666668,157,MERFISH
ENSMUST00000046870,Lhx9,ENSMUSG00000019230,ENSMUST00000046870,,0.5401506666666667,55,MERFISH
ENSMUST00000047328,Igfbp2,ENSMUSG00000039323,ENSMUST00000047328,,28.31972016666667,63,MERFISH
ENSMUST00000047480,Piezo2,ENSMUSG00000041482,ENSMUST00000047480,,0.1041726249999999,50,MERFISH
ENSMUST00000048289,Egr2,ENSMUSG00000037868,ENSMUST00000048289,,2.4487554166666667,88,MERFISH
ENSMUST00000049272,Hoxb5,ENSMUSG00000038700,ENSMUST00000049272,,1.9054502083333331,55,MERFISH
ENSMUST00000049395,Ttc29,ENSMUSG00000037101,ENSMUST00000049395,,0.1124052916666666,73,MERFISH
ENSMUST00000049999,Spin2c,ENSMUSG00000046550,ENSMUST00000049999,,3.006915,66,MERFISH
ENSMUST00000050027,Ccn3,ENSMUSG00000037362,ENSMUST00000050027,,17.002925458333333,76,MERFISH
ENSMUST00000050519,Elfn1,ENSMUSG00000048988,ENSMUST00000050519,,4.683881,104,MERFISH
ENSMUST00000050551,Cited1,ENSMUSG00000051159,ENSMUST00000050551,,3.9464905,52,MERFISH
ENSMUST00000050958,Tmie,ENSMUSG00000049555,ENSMUST00000050958,,2.521323875,74,MERFISH
ENSMUST00000051756,Il31ra,ENSMUSG00000050377,ENSMUST00000051756,,0.066261125,58,MERFISH
ENSMUST00000051773,Onecut3,ENSMUSG00000045518,ENSMUST00000051773,,0.0915270833333333,102,MERFISH
ENSMUST00000052650,Hoxb8,ENSMUSG00000056648,ENSMUST00000052650,,0.4864265833333333,60,MERFISH
ENSMUST00000052708,Ckap2l,ENSMUSG00000048327,ENSMUST00000052708,,0.2708545833333333,92,MERFISH
ENSMUST00000052827,Ppp1r17,ENSMUSG00000002930,ENSMUST00000052827,,17.7730785,52,MERFISH
ENSMUST00000052907,Adamts19,ENSMUSG00000053441,ENSMUST00000052907,,0.2537376666666666,53,MERFISH
ENSMUST00000053017,Chst9,ENSMUSG00000047161,ENSMUST00000053017,,0.2873432083333333,57,MERFISH
ENSMUST00000053068,Dmrt2,ENSMUSG00000048138,ENSMUST00000053068,,0.2067449583333332,62,MERFISH
ENSMUST00000053306,Oxtr,ENSMUSG00000049112,ENSMUST00000053306,,0.5521892916666666,64,MERFISH
ENSMUST00000053467,Zfpm2,ENSMUSG00000022306,ENSMUST00000053467,,3.5979936249999995,146,MERFISH
ENSMUST00000053491,Pou3f1,ENSMUSG00000090125,ENSMUST00000053491,,5.841314666666667,68,MERFISH
ENSMUST00000053764,Foxo1,ENSMUSG00000044167,ENSMUST00000053764,,2.953081958333333,236,MERFISH
ENSMUST00000053768,Stxbp6,ENSMUSG00000046314,ENSMUST00000053768,,6.868178416666666,117,MERFISH
ENSMUST00000053922,Vwc2l,ENSMUSG00000045648,ENSMUST00000053922,,1.4838780833333334,108,MERFISH
ENSMUST00000054095,Kctd8,ENSMUSG00000037653,ENSMUST00000054095,,3.9941791666666666,70,MERFISH
ENSMUST00000054351,Ndnf,ENSMUSG00000049001,ENSMUST00000054351,,1.8762142500000003,267,MERFISH
ENSMUST00000054819,Sox14,ENSMUSG00000053747,ENSMUST00000054819,,0.3979808333333333,51,MERFISH
ENSMUST00000054883,Pou3f3,ENSMUSG00000045515,ENSMUST00000054883,,8.48504875,159,MERFISH
ENSMUST00000055776,Arhgap15,ENSMUSG00000049744,ENSMUST00000055776,,2.7700912083333336,61,MERFISH
ENSMUST00000056336,Oprd1,ENSMUSG00000050511,ENSMUST00000056336,,2.1906685833333333,110,MERFISH
ENSMUST00000056344,Vwc2,ENSMUSG00000050830,ENSMUST00000056344,,1.6234525,51,MERFISH
ENSMUST00000056442,Slc6a5,ENSMUSG00000039728,ENSMUST00000056442,,2.5670956666666664,209,MERFISH
ENSMUST00000057021,Osr1,ENSMUSG00000048387,ENSMUST00000057021,,1.0209315416666669,53,MERFISH
ENSMUST00000057188,Cnr1,ENSMUSG00000044288,ENSMUST00000057188,,19.647040166666667,161,MERFISH
ENSMUST00000057503,Lamp5,ENSMUSG00000027270,ENSMUST00000057503,,48.917354375,62,MERFISH
ENSMUST00000057645,Gpr101,ENSMUSG00000036357,ENSMUST00000057645,,1.7488973333333333,156,MERFISH
ENSMUST00000057849,C1ql1,ENSMUSG00000045532,ENSMUST00000057849,,6.493946083333333,53,MERFISH
ENSMUST00000058007,Rxfp3,ENSMUSG00000060735,ENSMUST00000058007,,0.539027375,128,MERFISH
ENSMUST00000058535,Gpr149,ENSMUSG00000043441,ENSMUST00000058535,,0.6076173333333335,97,MERFISH
ENSMUST00000058692,Pdgfd,ENSMUSG00000032006,ENSMUST00000058692,,1.1714855,87,MERFISH
ENSMUST00000058714,Cd24a,ENSMUSG00000047139,ENSMUST00000058714,,8.727741458333332,54,MERFISH
ENSMUST00000058787,Glra2,ENSMUSG00000018589,ENSMUST00000058787,,4.4162934583333335,91,MERFISH
ENSMUST00000059562,Lhfp,ENSMUSG00000048332,ENSMUST00000059562,,8.482284166666666,58,MERFISH
ENSMUST00000059650,Npsr1,ENSMUSG00000043659,ENSMUST00000059650,,0.3453713333333333,51,MERFISH
ENSMUST00000059787,Dsg2,ENSMUSG00000044393,ENSMUST00000059787,,0.5573298333333333,131,MERFISH
ENSMUST00000060125,Scn4b,ENSMUSG00000046480,ENSMUST00000060125,,34.5838345,153,MERFISH
ENSMUST00000060225,Gpr4,ENSMUSG00000044317,ENSMUST00000060225,,1.810385666666667,82,MERFISH
ENSMUST00000060369,Nxph1,ENSMUSG00000046178,ENSMUST00000060369,,6.339975208333334,71,MERFISH
ENSMUST00000060943,Chrnb3,ENSMUSG00000031492,ENSMUST00000060943,,0.3691748333333333,63,MERFISH
ENSMUST00000061294,Crh,ENSMUSG00000049796,ENSMUST00000061294,,5.298123958333333,55,MERFISH
ENSMUST00000061545,C1ql3,ENSMUSG00000049630,ENSMUST00000061545,,21.1654915,61,MERFISH
ENSMUST00000061601,Ust,ENSMUSG00000047712,ENSMUST00000061601,,5.2924787916666665,51,MERFISH
ENSMUST00000061632,Trhde,ENSMUSG00000050663,ENSMUST00000061632,,2.9952044166666667,116,MERFISH
ENSMUST00000062356,Marcksl1,ENSMUSG00000047945,ENSMUST00000062356,,43.09251895833333,50,MERFISH
ENSMUST00000062483,Gli2,ENSMUSG00000048402,ENSMUST00000062483,,0.5618421666666666,156,MERFISH
ENSMUST00000062528,Cdh20,ENSMUSG00000050840,ENSMUST00000062528,,4.804441083333334,121,MERFISH
ENSMUST00000063140,Hcrtr2,ENSMUSG00000032360,ENSMUST00000063140,,0.7001934583333335,50,MERFISH
ENSMUST00000063278,Agt,ENSMUSG00000031980,ENSMUST00000063278,,15.4910315,59,MERFISH
ENSMUST00000063433,Eya2,ENSMUSG00000017897,ENSMUST00000063433,,0.750389,75,MERFISH
ENSMUST00000063597,Casr,ENSMUSG00000051980,ENSMUST00000063597,,0.1161168333333333,141,MERFISH
ENSMUST00000063918,Sp8,ENSMUSG00000048562,ENSMUST00000063918,,1.247087625,91,MERFISH
ENSMUST00000064405,Epha3,ENSMUSG00000052504,ENSMUST00000064405,,1.5465579166666663,108,MERFISH
ENSMUST00000064770,Nfib,ENSMUSG00000008575,ENSMUST00000064770,,9.752203291666667,234,MERFISH
ENSMUST00000064775,Adcyap1,ENSMUSG00000024256,ENSMUST00000064775,,3.0880306666666666,50,MERFISH
ENSMUST00000065196,Scn5a,ENSMUSG00000032511,ENSMUST00000065196,,0.3142287083333333,227,MERFISH
ENSMUST00000065224,Galr1,ENSMUSG00000024553,ENSMUST00000065224,,0.3013262083333333,90,MERFISH
ENSMUST00000066060,Bcl11b,ENSMUSG00000048251,ENSMUST00000066060,,9.830284583333334,137,MERFISH
ENSMUST00000066166,Tll1,ENSMUSG00000053626,ENSMUST00000066166,,1.057402,87,MERFISH
ENSMUST00000066384,Zic4,ENSMUSG00000036972,ENSMUST00000066384,,1.9794505,53,MERFISH
ENSMUST00000066412,Agtr1a,ENSMUSG00000049115,ENSMUST00000066412,,0.18824775,50,MERFISH
ENSMUST00000067020,Nkx2-4,ENSMUSG00000054160,ENSMUST00000067020,,0.0483109166666666,54,MERFISH
ENSMUST00000067444,Gfap,ENSMUSG00000020932,ENSMUST00000067444,,52.09589979166667,58,MERFISH
ENSMUST00000067458,Sema5a,ENSMUSG00000022231,ENSMUST00000067458,,5.178171833333333,249,MERFISH
ENSMUST00000067741,Chn2,ENSMUSG00000004633,ENSMUST00000067741,,32.561865833333336,58,MERFISH
ENSMUST00000067841,Irs4,ENSMUSG00000054667,ENSMUST00000067841,,0.9129655416666664,181,MERFISH
ENSMUST00000068507,A630012P03Rik,ENSMUSG00000055110,ENSMUST00000068507,,0,58,MERFISH
ENSMUST00000068581,Gja1,ENSMUSG00000050953,ENSMUST00000068581,,55.950316125,91,MERFISH
ENSMUST00000068952,Wls,ENSMUSG00000028173,ENSMUST00000068952,,7.809233666666666,57,MERFISH
ENSMUST00000068967,Megf11,ENSMUSG00000036466,ENSMUST00000068967,,4.4386181250000005,53,MERFISH
ENSMUST00000069334,Dach1,ENSMUSG00000055639,ENSMUST00000069334,,2.59866625,124,MERFISH
ENSMUST00000069360,Gpc3,ENSMUSG00000055653,ENSMUST00000069360,,1.98296875,58,MERFISH
ENSMUST00000069763,Lancl3,ENSMUSG00000047344,ENSMUST00000069763,,2.329767125,114,MERFISH
ENSMUST00000069837,Slit3,ENSMUSG00000056427,ENSMUST00000069837,,3.6743824583333335,144,MERFISH
ENSMUST00000070125,Chat,ENSMUSG00000021919,ENSMUST00000070125,,1.4133097500000005,56,MERFISH
ENSMUST00000070323,Synpr,ENSMUSG00000056296,ENSMUST00000070323,,15.553238583333332,67,MERFISH
ENSMUST00000070375,Penk,ENSMUSG00000045573,ENSMUST00000070375,,108.04756245833332,57,MERFISH
ENSMUST00000070748,Ldb2,ENSMUSG00000039706,ENSMUST00000070748,,7.382394375,69,MERFISH
ENSMUST00000071281,Foxb1,ENSMUSG00000059246,ENSMUST00000071281,,0.3951070833333333,78,MERFISH
ENSMUST00000071782,Nptx2,ENSMUSG00000059991,ENSMUST00000071782,,13.464318333333336,72,MERFISH
ENSMUST00000071798,Tnnt1,ENSMUSG00000064179,ENSMUST00000071798,,5.991539124999999,58,MERFISH
ENSMUST00000072899,Cgnl1,ENSMUSG00000032232,ENSMUST00000072899,,3.4006322916666667,209,MERFISH
ENSMUST00000073957,Sema3e,ENSMUSG00000063531,ENSMUST00000073957,,4.356125958333333,186,MERFISH
ENSMUST00000074171,Otof,ENSMUSG00000062372,ENSMUST00000074171,,1.7150466666666666,213,MERFISH
ENSMUST00000074372,Irx2,ENSMUSG00000001504,ENSMUST00000074372,,1.738462875,56,MERFISH
ENSMUST00000074783,Hmcn1,ENSMUSG00000066842,ENSMUST00000074783,,0.33322525,526,MERFISH
ENSMUST00000075644,Calcr,ENSMUSG00000023964,ENSMUST00000075644,,0.1851481666666666,117,MERFISH
ENSMUST00000075764,Drd2,ENSMUSG00000032259,ENSMUST00000075764,,6.455306583333334,78,MERFISH
ENSMUST00000075994,Pdzrn3,ENSMUSG00000035357,ENSMUST00000075994,,3.8689925833333336,60,MERFISH
ENSMUST00000077191,Ethe1,ENSMUSG00000064254,ENSMUST00000077191,,6.65127025,60,MERFISH
ENSMUST00000077524,Mab21l2,ENSMUSG00000057777,ENSMUST00000077524,,1.4523141666666666,71,MERFISH
ENSMUST00000077962,Kcng2,ENSMUSG00000059852,ENSMUST00000077962,,1.6261612916666666,63,MERFISH
ENSMUST00000078527,Rxfp1,ENSMUSG00000034009,ENSMUST00000078527,,1.7973746250000002,72,MERFISH
ENSMUST00000078856,Kl,ENSMUSG00000058488,ENSMUST00000078856,,3.765487333333333,99,MERFISH
ENSMUST00000078880,Sorcs3,ENSMUSG00000063434,ENSMUST00000078880,,6.038826333333334,62,MERFISH
ENSMUST00000079323,Mctp2,ENSMUSG00000032776,ENSMUST00000079323,,0.3163330416666667,145,MERFISH
ENSMUST00000079721,En1,ENSMUSG00000058665,ENSMUST00000079721,,0.8240334583333333,57,MERFISH
ENSMUST00000079788,Mkx,ENSMUSG00000061013,ENSMUST00000079788,,2.5384435000000005,67,MERFISH
ENSMUST00000080559,Mmel1,ENSMUSG00000058183,ENSMUST00000080559,,0.2659723333333333,63,MERFISH
ENSMUST00000080780,Lhfpl5,ENSMUSG00000062252,ENSMUST00000080780,,3.4199465,55,MERFISH
ENSMUST00000081265,Ebf1,ENSMUSG00000057098,ENSMUST00000081265,,3.155642291666666,60,MERFISH
ENSMUST00000081574,Syt17,ENSMUSG00000058420,ENSMUST00000081574,,7.637416375,50,MERFISH
ENSMUST00000081654,Col18a1,ENSMUSG00000001435,ENSMUST00000081654,,3.4050488333333333,58,MERFISH
ENSMUST00000082430,Gpx3,ENSMUSG00000018339,ENSMUST00000082430,,12.070483291666664,61,MERFISH
ENSMUST00000084501,Pappa,ENSMUSG00000028370,ENSMUST00000084501,,0.4513482916666666,311,MERFISH
ENSMUST00000084615,Cacng3,ENSMUSG00000066189,ENSMUST00000084615,,18.19134958333333,52,MERFISH
ENSMUST00000084628,Hs3st2,ENSMUSG00000046321,ENSMUST00000084628,,9.952000625,53,MERFISH
ENSMUST00000084650,Gpr139,ENSMUSG00000066197,ENSMUST00000084650,,0.8249763750000001,138,MERFISH
ENSMUST00000085164,Sv2b,ENSMUSG00000053025,ENSMUST00000085164,,31.681002,164,MERFISH
ENSMUST00000085374,Slc17a7,ENSMUSG00000070570,ENSMUST00000085374,,173.00351525000002,88,MERFISH
ENSMUST00000086795,Barhl2,ENSMUSG00000034384,ENSMUST00000086795,,2.3911425,58,MERFISH
ENSMUST00000087176,Opalin,ENSMUSG00000050121,ENSMUST00000087176,,10.7804635,58,MERFISH
ENSMUST00000087600,Gda,ENSMUSG00000058624,ENSMUST00000087600,,29.48894704166667,135,MERFISH
ENSMUST00000087950,Cbln4,ENSMUSG00000067578,ENSMUST00000087950,,5.642342541666666,79,MERFISH
ENSMUST00000088454,Slc38a1,ENSMUSG00000023169,ENSMUST00000088454,,23.20709520833333,146,MERFISH
ENSMUST00000088677,Htr1d,ENSMUSG00000070687,ENSMUST00000088677,,0.7209385416666665,52,MERFISH
ENSMUST00000088790,Ret,ENSMUSG00000030110,ENSMUST00000088790,,2.069422125,63,MERFISH
ENSMUST00000089215,Cntn6,ENSMUSG00000030092,ENSMUST00000089215,,5.292291666666666,111,MERFISH
ENSMUST00000089295,Tafa4,ENSMUSG00000046500,ENSMUST00000089295,,0.6336815833333334,57,MERFISH
ENSMUST00000089332,Col8a1,ENSMUSG00000068196,ENSMUST00000089332,,1.1555622083333337,135,MERFISH
ENSMUST00000090461,Fyb,ENSMUSG00000022148,ENSMUST00000090461,,19.114905125,51,MERFISH
ENSMUST00000090473,Gpr88,ENSMUSG00000068696,ENSMUST00000090473,,29.58623383333333,78,MERFISH
ENSMUST00000090697,Syt6,ENSMUSG00000027849,ENSMUST00000090697,,3.020844583333333,133,MERFISH
ENSMUST00000090813,Sp9,ENSMUSG00000068859,ENSMUST00000090813,,1.5188722916666666,95,MERFISH
ENSMUST00000091227,Qrfpr,ENSMUSG00000058400,ENSMUST00000091227,,0.9269441666666668,60,MERFISH
ENSMUST00000091458,Nr2f1,ENSMUSG00000069171,ENSMUST00000091458,,15.645576916666665,54,MERFISH
ENSMUST00000091554,Cntnap3,ENSMUSG00000033063,ENSMUST00000091554,,1.0205937916666667,157,MERFISH
ENSMUST00000091892,Ctxn3,ENSMUSG00000069372,ENSMUST00000091892,,4.429938875,50,MERFISH
ENSMUST00000092155,Col11a1,ENSMUSG00000027966,ENSMUST00000092155,,1.5137184583333334,63,MERFISH
ENSMUST00000093110,Medag,ENSMUSG00000029659,ENSMUST00000093110,,4.258331916666666,78,MERFISH
ENSMUST00000093852,Zbtb16,ENSMUSG00000066687,ENSMUST00000093852,,3.542754125,82,MERFISH
ENSMUST00000093944,Hoxb3,ENSMUSG00000048763,ENSMUST00000093944,,0.5963985833333334,56,MERFISH
ENSMUST00000094018,Plpp4,ENSMUSG00000070366,ENSMUST00000094018,,5.279180291666666,57,MERFISH
ENSMUST00000094103,Hs3st3b1,ENSMUSG00000070407,ENSMUST00000094103,,0.4698064583333333,116,MERFISH
ENSMUST00000095037,Whrn,ENSMUSG00000039137,ENSMUST00000095037,,3.068138875,64,MERFISH
ENSMUST00000095266,Nxph4,ENSMUSG00000040258,ENSMUST00000095266,,7.690561625,51,MERFISH
ENSMUST00000095360,Igf1,ENSMUSG00000020053,ENSMUST00000095360,,1.7288962083333337,140,MERFISH
ENSMUST00000095550,Syndig1l,ENSMUSG00000071234,ENSMUST00000095550,,10.74761625,67,MERFISH
ENSMUST00000095712,Slc5a7,ENSMUSG00000023945,ENSMUST00000095712,,1.3746231666666664,59,MERFISH
ENSMUST00000095784,Moxd1,ENSMUSG00000020000,ENSMUST00000095784,,1.8096880833333333,93,MERFISH
ENSMUST00000096012,Abi3bp,ENSMUSG00000035258,ENSMUST00000096012,,1.982109458333333,124,MERFISH
ENSMUST00000096494,Egflam,ENSMUSG00000042961,ENSMUST00000096494,,0.3485727916666666,134,MERFISH
ENSMUST00000097648,Ramp1,ENSMUSG00000034353,ENSMUST00000097648,,18.22109958333333,64,MERFISH
ENSMUST00000099151,Sox2,ENSMUSG00000074637,ENSMUST00000099151,,14.9143225,59,MERFISH
ENSMUST00000099575,Grem1,ENSMUSG00000074934,ENSMUST00000099575,,0.6676787083333333,110,MERFISH
ENSMUST00000100070,Samd5,ENSMUSG00000060487,ENSMUST00000100070,,3.1824797916666667,180,MERFISH
ENSMUST00000100089,Rprm,ENSMUSG00000075334,ENSMUST00000100089,,17.642026583333333,51,MERFISH
ENSMUST00000100676,Bmp4,ENSMUSG00000021835,ENSMUST00000100676,,3.140764625,55,MERFISH
ENSMUST00000100827,Abcc9,ENSMUSG00000030249,ENSMUST00000100827,,1.0454014166666663,213,MERFISH
ENSMUST00000101120,Prok2,ENSMUSG00000030069,ENSMUST00000101120,,0.3598254166666667,61,MERFISH
ENSMUST00000101197,Arhgap25,ENSMUSG00000030047,ENSMUST00000101197,,1.0870036666666667,77,MERFISH
ENSMUST00000101368,Kcnip1,ENSMUSG00000053519,ENSMUST00000101368,,4.516348333333333,55,MERFISH
ENSMUST00000102534,Rasgrp1,ENSMUSG00000027347,ENSMUST00000102534,,36.28464516666666,160,MERFISH
ENSMUST00000102655,Pde1a,ENSMUSG00000059173,ENSMUST00000102655,,23.69382925,122,MERFISH
ENSMUST00000102665,Mog,ENSMUSG00000076439,ENSMUST00000102665,,50.47214245833333,55,MERFISH
ENSMUST00000102765,Col23a1,ENSMUSG00000063564,ENSMUST00000102765,,2.127750291666666,156,MERFISH
ENSMUST00000102820,Bnc2,ENSMUSG00000028487,ENSMUST00000102820,,0.604964625,54,MERFISH
ENSMUST00000102945,Nxph2,ENSMUSG00000069132,ENSMUST00000102945,,0.7940654166666666,69,MERFISH
ENSMUST00000102976,Gata3,ENSMUSG00000015619,ENSMUST00000102976,,0.7452829583333334,68,MERFISH
ENSMUST00000103426,Ighm,ENSMUSG00000076617,ENSMUST00000103426,,7.547715458333333,55,MERFISH
ENSMUST00000105283,Kitl,ENSMUSG00000019966,ENSMUST00000105283,,12.94423633333333,91,MERFISH
ENSMUST00000105287,Dcn,ENSMUSG00000019929,ENSMUST00000105287,,12.965517458333334,54,MERFISH
ENSMUST00000106437,Hs3st4,ENSMUSG00000078591,ENSMUST00000106437,,12.944665958333331,72,MERFISH
ENSMUST00000106663,Galnt18,ENSMUSG00000038296,ENSMUST00000106663,,8.282399083333333,76,MERFISH
ENSMUST00000107377,Tnc,ENSMUSG00000028364,ENSMUST00000107377,,0.6600813333333334,222,MERFISH
ENSMUST00000107570,Lpar1,ENSMUSG00000038668,ENSMUST00000107570,,9.746443083333334,92,MERFISH
ENSMUST00000107968,Klk6,ENSMUSG00000050063,ENSMUST00000107968,,6.023809083333333,57,MERFISH
ENSMUST00000108076,Car4,ENSMUSG00000000805,ENSMUST00000108076,,30.147001916666664,64,MERFISH
ENSMUST00000108271,Mecom,ENSMUSG00000027684,ENSMUST00000108271,,0.185903,53,MERFISH
ENSMUST00000109104,Maf,ENSMUSG00000055435,ENSMUST00000109104,,3.5496945416666663,117,MERFISH
ENSMUST00000109159,Tshz2,ENSMUSG00000047907,ENSMUST00000109159,,3.755747375,51,MERFISH
ENSMUST00000109191,Kcng1,ENSMUSG00000074575,ENSMUST00000109191,,4.700840458333333,112,MERFISH
ENSMUST00000109424,Wnt7b,ENSMUSG00000022382,ENSMUST00000109424,,4.001213791666666,54,MERFISH
ENSMUST00000109431,Lncenc1,ENSMUSG00000078952,ENSMUST00000109431,,0.1679664166666666,70,MERFISH
ENSMUST00000109546,Vcan,ENSMUSG00000021614,ENSMUST00000109546,,1.3572705416666666,200,MERFISH
ENSMUST00000109621,Tox3,ENSMUSG00000043668,ENSMUST00000109621,,3.244083583333333,50,MERFISH
ENSMUST00000109764,Nfix,ENSMUSG00000001911,ENSMUST00000109764,,71.8836125,90,MERFISH
ENSMUST00000109935,Syndig1,ENSMUSG00000074736,ENSMUST00000109935,,16.98976475,61,MERFISH
ENSMUST00000109964,Foxa2,ENSMUSG00000037025,ENSMUST00000109964,,0.0865186249999999,52,MERFISH
ENSMUST00000110510,Gli3,ENSMUSG00000021318,ENSMUST00000110510,,0.9336580416666668,187,MERFISH
ENSMUST00000111063,Mpped2,ENSMUSG00000016386,ENSMUST00000111063,,11.56961625,50,MERFISH
ENSMUST00000111087,Pax6,ENSMUSG00000027168,ENSMUST00000111087,,3.161166416666666,74,MERFISH
ENSMUST00000111288,Caln1,ENSMUSG00000060371,ENSMUST00000111288,,20.79430320833333,215,MERFISH
ENSMUST00000111332,Pcp4l1,ENSMUSG00000038370,ENSMUST00000111332,,108.66276029166669,54,MERFISH
ENSMUST00000111656,Tcf7l2,ENSMUSG00000024985,ENSMUST00000111656,,9.23375475,84,MERFISH
ENSMUST00000112335,Rbp4,ENSMUSG00000024990,ENSMUST00000112335,,9.072282708333336,72,MERFISH
ENSMUST00000112516,Ltbp1,ENSMUSG00000001870,ENSMUST00000112516,,0.5534056666666667,116,MERFISH
ENSMUST00000112706,Serpinb8,ENSMUSG00000026315,ENSMUST00000112706,,0.6741474166666668,51,MERFISH
ENSMUST00000112712,Lypd6,ENSMUSG00000050447,ENSMUST00000112712,,5.810396208333333,99,MERFISH
ENSMUST00000112832,Rorb,ENSMUSG00000036192,ENSMUST00000112832,,3.300650458333333,264,MERFISH
ENSMUST00000113054,Shroom3,ENSMUSG00000029381,ENSMUST00000113054,,0.5228759166666666,177,MERFISH
ENSMUST00000113438,Adamts9,ENSMUSG00000030022,ENSMUST00000113438,,0.3614408333333334,56,MERFISH
ENSMUST00000113453,Hopx,ENSMUSG00000059325,ENSMUST00000113453,,34.046049708333335,50,MERFISH
ENSMUST00000113498,Fbln2,ENSMUSG00000064080,ENSMUST00000113498,,0.675527625,76,MERFISH
ENSMUST00000114468,Osbpl3,ENSMUSG00000029822,ENSMUST00000114468,,3.305377333333333,57,MERFISH
ENSMUST00000114553,Gabrq,ENSMUSG00000031344,ENSMUST00000114553,,1.2207397916666665,100,MERFISH
ENSMUST00000114893,Igsf1,ENSMUSG00000031111,ENSMUST00000114893,,2.8660090833333336,83,MERFISH
ENSMUST00000114904,Arhgap36,ENSMUSG00000036198,ENSMUST00000114904,,2.0257212916666667,88,MERFISH
ENSMUST00000115323,Grm8,ENSMUSG00000024211,ENSMUST00000115323,,3.018425375,121,MERFISH
ENSMUST00000115443,Met,ENSMUSG00000009376,ENSMUST00000115443,,0.7993964166666665,198,MERFISH
ENSMUST00000116304,Ctss,ENSMUSG00000038642,ENSMUST00000116304,,31.09683375,50,MERFISH
ENSMUST00000116613,Skor1,ENSMUSG00000022245,ENSMUST00000116613,,0.4483496666666667,84,MERFISH
ENSMUST00000118578,Otx2,ENSMUSG00000021848,ENSMUST00000118578,,2.415607375,54,MERFISH
ENSMUST00000118661,Meis1,ENSMUSG00000020160,ENSMUST00000118661,,1.5279275,55,MERFISH
ENSMUST00000118955,Bcl11a,ENSMUSG00000000861,ENSMUST00000118955,,11.412749166666666,52,MERFISH
ENSMUST00000119026,Tmem132c,ENSMUSG00000034324,ENSMUST00000119026,,1.8562440833333331,67,MERFISH
ENSMUST00000119068,Spock3,ENSMUSG00000054162,ENSMUST00000119068,,20.22345754166667,72,MERFISH
ENSMUST00000119310,Kcnmb2,ENSMUSG00000037610,ENSMUST00000119310,,0.5532481666666667,59,MERFISH
ENSMUST00000119598,Egfem1,ENSMUSG00000063600,ENSMUST00000119598,,0.9739293333333332,56,MERFISH
ENSMUST00000120678,Adamtsl1,ENSMUSG00000066113,ENSMUST00000120678,,0.4967819999999999,58,MERFISH
ENSMUST00000121021,Tbx3,ENSMUSG00000018604,ENSMUST00000121021,,0.40981475,131,MERFISH
ENSMUST00000121990,Syt2,ENSMUSG00000026452,ENSMUST00000121990,,21.151556,116,MERFISH
ENSMUST00000122120,Tafa1,ENSMUSG00000059187,ENSMUST00000122120,,6.2944423333333335,59,MERFISH
ENSMUST00000122333,Klhl14,ENSMUSG00000042514,ENSMUST00000122333,,0.4088816666666666,122,MERFISH
ENSMUST00000123454,Shisa6,ENSMUSG00000053930,ENSMUST00000123454,,5.921232083333334,176,MERFISH
ENSMUST00000124059,Barhl1,ENSMUSG00000026805,ENSMUST00000124059,,0.523542375,54,MERFISH
ENSMUST00000124071,Dmbx1,ENSMUSG00000028707,ENSMUST00000124071,,0.1405890833333333,115,MERFISH
ENSMUST00000124470,Prlr,ENSMUSG00000005268,ENSMUST00000124470,,1.6754662916666665,197,MERFISH
ENSMUST00000124790,Apela,ENSMUSG00000079042,ENSMUST00000124790,,0.0093941666666666,52,MERFISH
ENSMUST00000124825,Pde11a,ENSMUSG00000075270,ENSMUST00000124825,,0.7782370833333334,58,MERFISH
ENSMUST00000128904,A830036E02Rik,ENSMUSG00000084890,ENSMUST00000128904,,7.007373666666666,58,MERFISH
ENSMUST00000129100,Gfra1,ENSMUSG00000025089,ENSMUST00000129100,,4.1074404583333335,129,MERFISH
ENSMUST00000130300,Ccbe1,ENSMUSG00000046318,ENSMUST00000130300,,0.4141793333333333,53,MERFISH
ENSMUST00000131615,Fign,ENSMUSG00000075324,ENSMUST00000131615,,0.7500180416666666,149,MERFISH
ENSMUST00000133268,Ntng1,ENSMUSG00000059857,ENSMUST00000133268,,3.946033375,55,MERFISH
ENSMUST00000134921,C230014O12Rik,ENSMUSG00000087461,ENSMUST00000134921,,0.2593865833333333,65,MERFISH
ENSMUST00000136205,Pif1,ENSMUSG00000041064,ENSMUST00000136205,,0.0783095,30,MERFISH
ENSMUST00000136810,Ddc,ENSMUSG00000020182,ENSMUST00000136810,,5.429236166666667,56,MERFISH
ENSMUST00000137402,Ung,ENSMUSG00000029591,ENSMUST00000137402,,0.475824,48,MERFISH
ENSMUST00000139064,Pou6f2,ENSMUSG00000009734,ENSMUST00000139064,,0.5077660833333333,106,MERFISH
ENSMUST00000139505,Pou4f1,ENSMUSG00000048349,ENSMUST00000139505,,0.7849436666666666,57,MERFISH
ENSMUST00000139906,Adra1b,ENSMUSG00000050541,ENSMUST00000139906,,2.689883333333333,59,MERFISH
ENSMUST00000140626,Lsp1,ENSMUSG00000018819,ENSMUST00000140626,,0.4395147916666666,60,MERFISH
ENSMUST00000142118,Adamts2,ENSMUSG00000036545,ENSMUST00000142118,,2.1065184583333334,55,MERFISH
ENSMUST00000142742,Nos1,ENSMUSG00000029361,ENSMUST00000142742,,6.337339999999999,298,MERFISH
ENSMUST00000145302,Dgkk,ENSMUSG00000062393,ENSMUST00000145302,,0.5923962083333334,209,MERFISH
ENSMUST00000146253,Myo5b,ENSMUSG00000025885,ENSMUST00000146253,,4.015183125,35,MERFISH
ENSMUST00000146497,Sulf2,ENSMUSG00000006800,ENSMUST00000146497,,9.4925725,120,MERFISH
ENSMUST00000151015,St18,ENSMUSG00000033740,ENSMUST00000151015,,1.566987875,69,MERFISH
ENSMUST00000152412,G630016G05Rik,ENSMUSG00000086308,ENSMUST00000152412,,0.8182114166666667,54,MERFISH
ENSMUST00000155648,Hspg2,ENSMUSG00000028763,ENSMUST00000155648,,0.7660818333333334,61,MERFISH
ENSMUST00000159359,Gpr39,ENSMUSG00000026343,ENSMUST00000159359,,5.854870291666667,51,MERFISH
ENSMUST00000159365,Adra1a,ENSMUSG00000045875,ENSMUST00000159365,,0.9626031666666666,59,MERFISH
ENSMUST00000160436,Tcerg1l,ENSMUSG00000091002,ENSMUST00000160436,,3.440052333333333,54,MERFISH
ENSMUST00000160777,Oprk1,ENSMUSG00000025905,ENSMUST00000160777,,1.0030765,124,MERFISH
ENSMUST00000160791,Reln,ENSMUSG00000042453,ENSMUST00000160791,,7.805148458333332,67,MERFISH
ENSMUST00000160810,Ecel1,ENSMUSG00000026247,ENSMUST00000160810,,6.970582,78,MERFISH
ENSMUST00000161255,9330158H04Rik,ENSMUSG00000073154,ENSMUST00000161255,,1.299987125,45,MERFISH
ENSMUST00000161263,Sv2c,ENSMUSG00000051111,ENSMUST00000161263,,8.110098416666666,275,MERFISH
ENSMUST00000161490,Prkg2,ENSMUSG00000029334,ENSMUST00000161490,,1.806237291666667,104,MERFISH
ENSMUST00000162022,Glis3,ENSMUSG00000052942,ENSMUST00000162022,,0.4790117083333333,114,MERFISH
ENSMUST00000162098,Shox2,ENSMUSG00000027833,ENSMUST00000162098,,3.375845125000001,63,MERFISH
ENSMUST00000162757,Nwd2,ENSMUSG00000090061,ENSMUST00000162757,,5.7448262083333335,64,MERFISH
ENSMUST00000162772,Lmo3,ENSMUSG00000030226,ENSMUST00000162772,,14.1043865,50,MERFISH
ENSMUST00000162899,Lypd1,ENSMUSG00000026344,ENSMUST00000162899,,12.181236,51,MERFISH
ENSMUST00000164163,Sla,ENSMUSG00000022372,ENSMUST00000164163,,2.4179581666666667,90,MERFISH
ENSMUST00000164639,Htr7,ENSMUSG00000024798,ENSMUST00000164639,,1.27337375,86,MERFISH
ENSMUST00000167199,Mrpl16,ENSMUSG00000024683,ENSMUST00000167199,,17.651163916666665,52,MERFISH
ENSMUST00000167460,Corin,ENSMUSG00000005220,ENSMUST00000167460,,0.2599107916666666,137,MERFISH
ENSMUST00000168630,Unc5d,ENSMUSG00000063626,ENSMUST00000168630,,4.084310208333333,167,MERFISH
ENSMUST00000169095,Cd36,ENSMUSG00000002944,ENSMUST00000169095,,0.2372625,75,MERFISH
ENSMUST00000169470,Cbln2,ENSMUSG00000024647,ENSMUST00000169470,,11.118757,52,MERFISH
ENSMUST00000169486,Ebf3,ENSMUSG00000010476,ENSMUST00000169486,,1.4715980833333333,126,MERFISH
ENSMUST00000169693,Cbln1,ENSMUSG00000031654,ENSMUST00000169693,,22.118975833333334,51,MERFISH
ENSMUST00000169934,Vsx2,ENSMUSG00000021239,ENSMUST00000169934,,0.138047625,92,MERFISH
ENSMUST00000171691,Mdga1,ENSMUSG00000043557,ENSMUST00000171691,,1.890492125,237,MERFISH
ENSMUST00000172278,Chrm2,ENSMUSG00000045613,ENSMUST00000172278,,4.290327625,155,MERFISH
ENSMUST00000172939,Ttc6,ENSMUSG00000046782,ENSMUST00000172939,,0.0293471666666666,130,MERFISH
ENSMUST00000173014,Dio3,ENSMUSG00000075707,ENSMUST00000173014,,0.8123716666666665,60,MERFISH
ENSMUST00000173107,Slit2,ENSMUSG00000031558,ENSMUST00000173107,,1.8875397916666663,57,MERFISH
ENSMUST00000173533,Ptger3,ENSMUSG00000040016,ENSMUST00000173533,,0.521694875,51,MERFISH
ENSMUST00000173539,Dlk1,ENSMUSG00000040856,ENSMUST00000173539,,4.964928208333333,81,MERFISH
ENSMUST00000173932,Ndst4,ENSMUSG00000027971,ENSMUST00000173932,,2.097338333333333,192,MERFISH
ENSMUST00000173985,Grp,ENSMUSG00000024517,ENSMUST00000173985,,6.476129416666668,58,MERFISH
ENSMUST00000174353,Emx2,ENSMUSG00000043969,ENSMUST00000174353,,2.314016791666667,57,MERFISH
ENSMUST00000174661,Pitx2,ENSMUSG00000028023,ENSMUST00000174661,,0.2172257083333333,51,MERFISH
ENSMUST00000175898,Six3,ENSMUSG00000038805,ENSMUST00000175898,,3.4596585,57,MERFISH
ENSMUST00000175965,Onecut2,ENSMUSG00000045991,ENSMUST00000175965,,0.6663194166666666,449,MERFISH
ENSMUST00000176129,Zfp536,ENSMUSG00000043456,ENSMUST00000176129,,4.493313583333333,54,MERFISH
ENSMUST00000176161,Ebf2,ENSMUSG00000022053,ENSMUST00000176161,,0.7027014166666665,64,MERFISH
ENSMUST00000176383,Zfhx4,ENSMUSG00000025255,ENSMUST00000176383,,0.9541118333333334,389,MERFISH
ENSMUST00000176438,Zeb2,ENSMUSG00000026872,ENSMUST00000176438,,6.083432999999999,81,MERFISH
ENSMUST00000178477,Nkx2-1,ENSMUSG00000001496,ENSMUST00000178477,,0.4950519999999999,53,MERFISH
ENSMUST00000179308,Edaradd,ENSMUSG00000095105,ENSMUST00000179308,,0.1053983333333332,193,MERFISH
ENSMUST00000179526,Tmem215,ENSMUSG00000046593,ENSMUST00000179526,,1.6768007916666667,62,MERFISH
ENSMUST00000180488,B230323A14Rik,ENSMUSG00000097623,ENSMUST00000180488,,0.2133842916666666,86,MERFISH
ENSMUST00000182056,Baiap3,ENSMUSG00000047507,ENSMUST00000182056,,9.063411416666668,93,MERFISH
ENSMUST00000183482,Htr1b,ENSMUSG00000049511,ENSMUST00000183482,,3.667447166666667,133,MERFISH
ENSMUST00000184666,Unc13c,ENSMUSG00000062151,ENSMUST00000184666,,10.682798541666669,275,MERFISH
ENSMUST00000186458,Rgs6,ENSMUSG00000021219,ENSMUST00000186458,,6.1902472500000005,99,MERFISH
ENSMUST00000187510,Chrm3,ENSMUSG00000046159,ENSMUST00000187510,,6.506662333333333,54,MERFISH
ENSMUST00000189022,Prrxl1,ENSMUSG00000041730,ENSMUST00000189022,,0.1993150833333333,67,MERFISH
ENSMUST00000189828,2900052N01Rik,ENSMUSG00000099696,ENSMUST00000189828,,9.21394225,57,MERFISH
ENSMUST00000191829,Dchs2,ENSMUSG00000102692,ENSMUST00000191829,,0.2397789583333333,326,MERFISH
ENSMUST00000194514,4930509J09Rik,ENSMUSG00000102362,ENSMUST00000194514,,0.11439575,52,MERFISH
ENSMUST00000196324,Nhlh2,ENSMUSG00000048540,ENSMUST00000196324,,1.2676470416666663,67,MERFISH
ENSMUST00000196378,Prom1,ENSMUSG00000029086,ENSMUST00000196378,,3.6722226666666655,63,MERFISH
ENSMUST00000199581,Hgf,ENSMUSG00000028864,ENSMUST00000199581,,0.5351081249999999,69,MERFISH
ENSMUST00000203732,Pparg,ENSMUSG00000000440,ENSMUST00000203732,,1.821889375,51,MERFISH
ENSMUST00000203775,Tacr1,ENSMUSG00000030043,ENSMUST00000203775,,1.2689450833333336,143,MERFISH
ENSMUST00000203945,Kcnj8,ENSMUSG00000030247,ENSMUST00000203945,,1.0384108333333333,73,MERFISH
ENSMUST00000205228,Cyp26b1,ENSMUSG00000063415,ENSMUST00000205228,,2.132599541666667,124,MERFISH
ENSMUST00000205251,Lhx8,ENSMUSG00000096225,ENSMUST00000205251,,0.5433908333333333,52,MERFISH
ENSMUST00000206034,Sox6,ENSMUSG00000051910,ENSMUST00000206034,,1.9949065,56,MERFISH
ENSMUST00000208932,Ankfn1,ENSMUSG00000047773,ENSMUST00000208932,,0.46651675,79,MERFISH
ENSMUST00000210209,C030029H02Rik,ENSMUSG00000110027,ENSMUST00000210209,,2.3989955000000003,47,MERFISH
ENSMUST00000217289,Htr3a,ENSMUSG00000032269,ENSMUST00000217289,,0.9987374166666664,61,MERFISH
ENSMUST00000217381,Fxyd6,ENSMUSG00000066705,ENSMUST00000217381,,37.85750708333333,54,MERFISH
ENSMUST00000217974,Kcns3,ENSMUSG00000043673,ENSMUST00000217974,,1.2567141666666666,68,MERFISH
ENSMUST00000218060,Rmst,ENSMUSG00000112117,ENSMUST00000218060,,20.07378625,66,MERFISH
ENSMUST00000219723,Tafa2,ENSMUSG00000044071,ENSMUST00000219723,,5.998977166666667,84,MERFISH
ENSMUST00000221025,Crhbp,ENSMUSG00000021680,ENSMUST00000221025,,6.3003786250000005,54,MERFISH
ENSMUST00000221470,Drd1,ENSMUSG00000021478,ENSMUST00000221470,,5.817907416666666,94,MERFISH
ENSMUST00000224088,Adgrv1,ENSMUSG00000069170,ENSMUST00000224088,,0.7885470833333333,52,MERFISH
ENSMUST00000224594,Pnoc,ENSMUSG00000045731,ENSMUST00000224594,,4.180950791666667,54,MERFISH
ENSMUST00000225962,Adgrf5,ENSMUSG00000056492,ENSMUST00000225962,,2.276930083333333,68,MERFISH
ENSMUST00000226810,Rspo2,ENSMUSG00000051920,ENSMUST00000226810,,1.90581425,56,MERFISH
ENSMUST00000228095,D130079A08Rik,ENSMUSG00000115424,ENSMUST00000228095,,0.0363704166666666,52,MERFISH
ENSMUST00000228188,Grik1,ENSMUSG00000022935,ENSMUST00000228188,,1.6966794583333336,98,MERFISH
ENSMUST00000228307,Cdh9,ENSMUSG00000025370,ENSMUST00000228307,,2.16999975,50,MERFISH
ENSMUST00000228435,D130009I18Rik,ENSMUSG00000115432,ENSMUST00000228435,,0.0186321666666666,54,MERFISH
ENSMUST00000229028,St3gal1,ENSMUSG00000013846,ENSMUST00000229028,,3.2980725,172,MERFISH
ENSMUST00000229885,Gm30564,ENSMUSG00000115965,ENSMUST00000229885,,0.1253272083333333,58,MERFISH
ENSMUST00000229953,Drd3,ENSMUSG00000022705,ENSMUST00000229953,,0.184887,54,MERFISH
ENSMUST00000230532,Sox10,ENSMUSG00000033006,ENSMUST00000230532,,11.983305083333336,63,MERFISH
ENSMUST00000233296,Cdkn1a,ENSMUSG00000023067,ENSMUST00000233296,,9.571590625,63,MERFISH
ENSMUST00000233916,Qpct,ENSMUSG00000024084,ENSMUST00000233916,,3.524748833333333,57,MERFISH
ENSMUST00000234410,Zfp521,ENSMUSG00000024420,ENSMUST00000234410,,2.637195541666667,61,MERFISH
ENSMUST00000237521,Gal,ENSMUSG00000024907,ENSMUST00000237521,,3.670016958333333,63,MERFISH
ENSMUST00000238946,Aqp4,ENSMUSG00000024411,ENSMUST00000238946,,22.365412041666666,140,MERFISH